[
  {
    "model": "contenttypes.contenttype",
    "pk": 1,
    "fields": { "app_label": "admin", "model": "logentry" }
  },
  {
    "model": "contenttypes.contenttype",
    "pk": 2,
    "fields": { "app_label": "auth", "model": "permission" }
  },
  {
    "model": "contenttypes.contenttype",
    "pk": 3,
    "fields": { "app_label": "auth", "model": "group" }
  },
  {
    "model": "contenttypes.contenttype",
    "pk": 4,
    "fields": { "app_label": "contenttypes", "model": "contenttype" }
  },
  {
    "model": "contenttypes.contenttype",
    "pk": 5,
    "fields": { "app_label": "sessions", "model": "session" }
  },
  {
    "model": "contenttypes.contenttype",
    "pk": 6,
    "fields": { "app_label": "authtoken", "model": "token" }
  },
  {
    "model": "contenttypes.contenttype",
    "pk": 7,
    "fields": { "app_label": "game", "model": "player" }
  },
  {
    "model": "contenttypes.contenttype",
    "pk": 8,
    "fields": { "app_label": "game", "model": "game" }
  },
  {
    "model": "contenttypes.contenttype",
    "pk": 9,
    "fields": { "app_label": "game", "model": "country" }
  },
  {
    "model": "contenttypes.contenttype",
    "pk": 10,
    "fields": { "app_label": "game", "model": "territory" }
  },
  {
    "model": "contenttypes.contenttype",
    "pk": 11,
    "fields": { "app_label": "game", "model": "unit" }
  },
  {
    "model": "contenttypes.contenttype",
    "pk": 12,
    "fields": { "app_label": "game", "model": "turn" }
  },
  {
    "model": "contenttypes.contenttype",
    "pk": 13,
    "fields": { "app_label": "game", "model": "order" }
  },
  {
    "model": "game.game",
    "pk": "7b5df40d-bac1-4196-b714-e345256be231",
    "fields": {
      "title": "New Sandbox",
      "created_at": "2018-04-11T04:07:50.764Z",
      "updated_at": "2018-04-11T04:07:50.764Z"
    }
  },
  {
    "model": "game.territory",
    "pk": "002e5bcd-eaad-4597-b9eb-a48c6caed213",
    "fields": {
      "name": "Venice",
      "abbreviation": "Ven",
      "owner": "be32319e-0660-4a96-82ee-48748aca91bf",
      "game": "7b5df40d-bac1-4196-b714-e345256be231"
    }
  },
  {
    "model": "game.territory",
    "pk": "036a0e4d-13fc-4613-b135-388e50008244",
    "fields": {
      "name": "Smyrna",
      "abbreviation": "Smy",
      "owner": "50367a27-6646-4053-b7e7-eaf961c93812",
      "game": "7b5df40d-bac1-4196-b714-e345256be231"
    }
  },
  {
    "model": "game.territory",
    "pk": "061af1c3-740d-4ae2-9b70-803cb599f916",
    "fields": {
      "name": "Barents Sea",
      "abbreviation": "BAR",
      "owner": null,
      "game": "7b5df40d-bac1-4196-b714-e345256be231"
    }
  },
  {
    "model": "game.territory",
    "pk": "0666b48b-f5f1-4874-a72e-5895f11a8757",
    "fields": {
      "name": "Brest",
      "abbreviation": "Bre",
      "owner": "f41e8a9d-5487-4033-82b0-c20e41df249e",
      "game": "7b5df40d-bac1-4196-b714-e345256be231"
    }
  },
  {
    "model": "game.territory",
    "pk": "09bff773-8cbe-4793-bff6-9380c1c63734",
    "fields": {
      "name": "North Sea",
      "abbreviation": "NTH",
      "owner": null,
      "game": "7b5df40d-bac1-4196-b714-e345256be231"
    }
  },
  {
    "model": "game.territory",
    "pk": "0b4090cb-89be-4cfd-86c2-7874ffb5721f",
    "fields": {
      "name": "Kiel",
      "abbreviation": "Kie",
      "owner": "ae17683a-6a24-4e22-9a3b-d908f117da40",
      "game": "7b5df40d-bac1-4196-b714-e345256be231"
    }
  },
  {
    "model": "game.territory",
    "pk": "0c72f8f0-8bd6-428b-95c5-ceee18dfe8d8",
    "fields": {
      "name": "Silesia",
      "abbreviation": "Sil",
      "owner": "ae17683a-6a24-4e22-9a3b-d908f117da40",
      "game": "7b5df40d-bac1-4196-b714-e345256be231"
    }
  },
  {
    "model": "game.territory",
    "pk": "0c790478-bc45-4b14-bc5b-bcdd8feb5fad",
    "fields": {
      "name": "Eastern Mediterranean",
      "abbreviation": "EAS",
      "owner": null,
      "game": "7b5df40d-bac1-4196-b714-e345256be231"
    }
  },
  {
    "model": "game.territory",
    "pk": "106b096e-7b52-48eb-adb0-e5107c2898af",
    "fields": {
      "name": "Skagerrak",
      "abbreviation": "SKA",
      "owner": null,
      "game": "7b5df40d-bac1-4196-b714-e345256be231"
    }
  },
  {
    "model": "game.territory",
    "pk": "116cfb38-817a-4719-a914-954c2f6b65e1",
    "fields": {
      "name": "Serbia",
      "abbreviation": "Ser",
      "owner": null,
      "game": "7b5df40d-bac1-4196-b714-e345256be231"
    }
  },
  {
    "model": "game.territory",
    "pk": "150754b1-073e-4e0e-97ff-47db1bad187c",
    "fields": {
      "name": "Edinburgh",
      "abbreviation": "Edi",
      "owner": "63ca852f-e5c2-4a45-9bb5-42d404898a15",
      "game": "7b5df40d-bac1-4196-b714-e345256be231"
    }
  },
  {
    "model": "game.territory",
    "pk": "19d6aae8-6ff8-47a4-83c7-392e6133fda6",
    "fields": {
      "name": "Holland",
      "abbreviation": "Hol",
      "owner": null,
      "game": "7b5df40d-bac1-4196-b714-e345256be231"
    }
  },
  {
    "model": "game.territory",
    "pk": "1e7bdf67-d612-4bad-9d14-8f03221acd6f",
    "fields": {
      "name": "Rumania",
      "abbreviation": "Rum",
      "owner": null,
      "game": "7b5df40d-bac1-4196-b714-e345256be231"
    }
  },
  {
    "model": "game.territory",
    "pk": "20d4aef7-d4bb-4f9f-b5b0-6defc5ec4b3f",
    "fields": {
      "name": "Budapest",
      "abbreviation": "Bud",
      "owner": "fe43be78-a74d-4e11-8b12-ff734bb84dcf",
      "game": "7b5df40d-bac1-4196-b714-e345256be231"
    }
  },
  {
    "model": "game.territory",
    "pk": "29567799-a6df-4a45-bb49-f5dca7fc6c14",
    "fields": {
      "name": "Greece",
      "abbreviation": "Gre",
      "owner": null,
      "game": "7b5df40d-bac1-4196-b714-e345256be231"
    }
  },
  {
    "model": "game.territory",
    "pk": "2b847d99-ff82-46ff-b795-ed5ead4f60c7",
    "fields": {
      "name": "Vienna",
      "abbreviation": "Vie",
      "owner": "fe43be78-a74d-4e11-8b12-ff734bb84dcf",
      "game": "7b5df40d-bac1-4196-b714-e345256be231"
    }
  },
  {
    "model": "game.territory",
    "pk": "3441a124-27af-45de-aad1-0a60ee1af32b",
    "fields": {
      "name": "Finland",
      "abbreviation": "Fin",
      "owner": null,
      "game": "7b5df40d-bac1-4196-b714-e345256be231"
    }
  },
  {
    "model": "game.territory",
    "pk": "39e4eedb-655b-4f30-9c97-4f445bea690b",
    "fields": {
      "name": "Galicia",
      "abbreviation": "Gal",
      "owner": "fe43be78-a74d-4e11-8b12-ff734bb84dcf",
      "game": "7b5df40d-bac1-4196-b714-e345256be231"
    }
  },
  {
    "model": "game.territory",
    "pk": "3d5e28a8-c7ae-47f2-9bf4-82e09c4ca92d",
    "fields": {
      "name": "Aegean Sea",
      "abbreviation": "AEG",
      "owner": null,
      "game": "7b5df40d-bac1-4196-b714-e345256be231"
    }
  },
  {
    "model": "game.territory",
    "pk": "42c7dc89-8958-4fca-bfd5-5318c13c83dd",
    "fields": {
      "name": "Liverpool",
      "abbreviation": "Lvp",
      "owner": "63ca852f-e5c2-4a45-9bb5-42d404898a15",
      "game": "7b5df40d-bac1-4196-b714-e345256be231"
    }
  },
  {
    "model": "game.territory",
    "pk": "444b9fe2-41ab-4fd8-aab3-04f8b28e4b0d",
    "fields": {
      "name": "Ukraine",
      "abbreviation": "Ukr",
      "owner": "1749eb08-0298-4713-9530-8893ed3d5c5f",
      "game": "7b5df40d-bac1-4196-b714-e345256be231"
    }
  },
  {
    "model": "game.territory",
    "pk": "445480f3-16c2-4ee6-a517-2eb6fd8ef5bf",
    "fields": {
      "name": "Norway",
      "abbreviation": "Nwy",
      "owner": null,
      "game": "7b5df40d-bac1-4196-b714-e345256be231"
    }
  },
  {
    "model": "game.territory",
    "pk": "478fd9e3-4412-400b-9f47-869cd97579c0",
    "fields": {
      "name": "London",
      "abbreviation": "Lon",
      "owner": "63ca852f-e5c2-4a45-9bb5-42d404898a15",
      "game": "7b5df40d-bac1-4196-b714-e345256be231"
    }
  },
  {
    "model": "game.territory",
    "pk": "48a37a51-99b6-4d87-92eb-c4dc787c771d",
    "fields": {
      "name": "Sevastopol",
      "abbreviation": "Sev",
      "owner": "1749eb08-0298-4713-9530-8893ed3d5c5f",
      "game": "7b5df40d-bac1-4196-b714-e345256be231"
    }
  },
  {
    "model": "game.territory",
    "pk": "4d9ccbd2-0530-4f30-bea7-b04cf393a222",
    "fields": {
      "name": "Sweden",
      "abbreviation": "Swe",
      "owner": null,
      "game": "7b5df40d-bac1-4196-b714-e345256be231"
    }
  },
  {
    "model": "game.territory",
    "pk": "4e689b22-f886-4b89-bfcd-54b78fd06a71",
    "fields": {
      "name": "North Atlantic Ocean",
      "abbreviation": "NAO",
      "owner": null,
      "game": "7b5df40d-bac1-4196-b714-e345256be231"
    }
  },
  {
    "model": "game.territory",
    "pk": "4e98dc56-729b-4235-8fc9-298701e31b00",
    "fields": {
      "name": "Tyrrhenian Sea",
      "abbreviation": "TYS",
      "owner": null,
      "game": "7b5df40d-bac1-4196-b714-e345256be231"
    }
  },
  {
    "model": "game.territory",
    "pk": "4ec3522e-62a1-44c6-be4b-da50db5389b8",
    "fields": {
      "name": "English Channel",
      "abbreviation": "ENG",
      "owner": null,
      "game": "7b5df40d-bac1-4196-b714-e345256be231"
    }
  },
  {
    "model": "game.territory",
    "pk": "4ee622e2-1c2e-4c2e-8f16-7f3f04059ef5",
    "fields": {
      "name": "Irish Sea",
      "abbreviation": "IRI",
      "owner": null,
      "game": "7b5df40d-bac1-4196-b714-e345256be231"
    }
  },
  {
    "model": "game.territory",
    "pk": "57bbf04e-fe75-4510-8a5f-95879cb90044",
    "fields": {
      "name": "Armenia",
      "abbreviation": "Arm",
      "owner": "50367a27-6646-4053-b7e7-eaf961c93812",
      "game": "7b5df40d-bac1-4196-b714-e345256be231"
    }
  },
  {
    "model": "game.territory",
    "pk": "63a018b7-7b69-4f10-9e3c-5d31058e56e2",
    "fields": {
      "name": "Naples",
      "abbreviation": "Nap",
      "owner": "be32319e-0660-4a96-82ee-48748aca91bf",
      "game": "7b5df40d-bac1-4196-b714-e345256be231"
    }
  },
  {
    "model": "game.territory",
    "pk": "6541887d-0844-4e48-bbf0-37ae3905635a",
    "fields": {
      "name": "Gulf of Bothnia",
      "abbreviation": "BOT",
      "owner": null,
      "game": "7b5df40d-bac1-4196-b714-e345256be231"
    }
  },
  {
    "model": "game.territory",
    "pk": "6ba47d09-5685-4ad6-b28e-3fc9c4543978",
    "fields": {
      "name": "North Africa",
      "abbreviation": "Naf",
      "owner": null,
      "game": "7b5df40d-bac1-4196-b714-e345256be231"
    }
  },
  {
    "model": "game.territory",
    "pk": "6d2090bd-9f21-4d47-b710-22a3ed0dc2a3",
    "fields": {
      "name": "Bulgaria",
      "abbreviation": "Bul",
      "owner": null,
      "game": "7b5df40d-bac1-4196-b714-e345256be231"
    }
  },
  {
    "model": "game.territory",
    "pk": "6df53402-f21a-4df5-9533-68282d22e1a3",
    "fields": {
      "name": "Prussia",
      "abbreviation": "Pru",
      "owner": "ae17683a-6a24-4e22-9a3b-d908f117da40",
      "game": "7b5df40d-bac1-4196-b714-e345256be231"
    }
  },
  {
    "model": "game.territory",
    "pk": "72ac1257-e6f0-4331-b043-3b304cbad65f",
    "fields": {
      "name": "Spain",
      "abbreviation": "Spa",
      "owner": null,
      "game": "7b5df40d-bac1-4196-b714-e345256be231"
    }
  },
  {
    "model": "game.territory",
    "pk": "78781926-8a8f-4c0d-85b4-cca77d748c3a",
    "fields": {
      "name": "Gulf of Lyon",
      "abbreviation": "LYO",
      "owner": null,
      "game": "7b5df40d-bac1-4196-b714-e345256be231"
    }
  },
  {
    "model": "game.territory",
    "pk": "7c0b340f-2f0f-4885-8fdd-07fc97654eba",
    "fields": {
      "name": "Yorkshire",
      "abbreviation": "Yor",
      "owner": "63ca852f-e5c2-4a45-9bb5-42d404898a15",
      "game": "7b5df40d-bac1-4196-b714-e345256be231"
    }
  },
  {
    "model": "game.territory",
    "pk": "8ab427e5-3488-414d-9bd9-83f747e6e113",
    "fields": {
      "name": "Trieste",
      "abbreviation": "Tri",
      "owner": "fe43be78-a74d-4e11-8b12-ff734bb84dcf",
      "game": "7b5df40d-bac1-4196-b714-e345256be231"
    }
  },
  {
    "model": "game.territory",
    "pk": "8f80561e-059f-4241-82f9-aa4a3ca394b0",
    "fields": {
      "name": "Adriatic Sea",
      "abbreviation": "ADR",
      "owner": null,
      "game": "7b5df40d-bac1-4196-b714-e345256be231"
    }
  },
  {
    "model": "game.territory",
    "pk": "903a62fb-f6cf-418f-bc42-b12c94d459a4",
    "fields": {
      "name": "St.Petersburg",
      "abbreviation": "Stp",
      "owner": "1749eb08-0298-4713-9530-8893ed3d5c5f",
      "game": "7b5df40d-bac1-4196-b714-e345256be231"
    }
  },
  {
    "model": "game.territory",
    "pk": "93101ecd-90f5-4bf3-af48-ae00b5b7ddf5",
    "fields": {
      "name": "Paris",
      "abbreviation": "Par",
      "owner": "f41e8a9d-5487-4033-82b0-c20e41df249e",
      "game": "7b5df40d-bac1-4196-b714-e345256be231"
    }
  },
  {
    "model": "game.territory",
    "pk": "95f61019-7774-4a18-9b0c-5c32edf7d006",
    "fields": {
      "name": "Albania",
      "abbreviation": "Alb",
      "owner": null,
      "game": "7b5df40d-bac1-4196-b714-e345256be231"
    }
  },
  {
    "model": "game.territory",
    "pk": "986b8202-fb26-42ec-bb10-02150b8ca6f8",
    "fields": {
      "name": "Belgium",
      "abbreviation": "Bel",
      "owner": null,
      "game": "7b5df40d-bac1-4196-b714-e345256be231"
    }
  },
  {
    "model": "game.territory",
    "pk": "98c0311e-0db1-4bc4-88d6-73b9a1d80391",
    "fields": {
      "name": "Baltic Sea",
      "abbreviation": "BAL",
      "owner": null,
      "game": "7b5df40d-bac1-4196-b714-e345256be231"
    }
  },
  {
    "model": "game.territory",
    "pk": "9be8ef64-518a-45e1-89e0-3ec73cafc392",
    "fields": {
      "name": "Portugal",
      "abbreviation": "Por",
      "owner": null,
      "game": "7b5df40d-bac1-4196-b714-e345256be231"
    }
  },
  {
    "model": "game.territory",
    "pk": "a5456d27-fe76-4be6-ab42-9303149895b4",
    "fields": {
      "name": "Piedmont",
      "abbreviation": "Pie",
      "owner": "be32319e-0660-4a96-82ee-48748aca91bf",
      "game": "7b5df40d-bac1-4196-b714-e345256be231"
    }
  },
  {
    "model": "game.territory",
    "pk": "a5e3c621-183a-4b7f-bdfb-8d017a7d9335",
    "fields": {
      "name": "Picardy",
      "abbreviation": "Pic",
      "owner": "f41e8a9d-5487-4033-82b0-c20e41df249e",
      "game": "7b5df40d-bac1-4196-b714-e345256be231"
    }
  },
  {
    "model": "game.territory",
    "pk": "a78ec716-13f8-476f-8c06-637f2850fb51",
    "fields": {
      "name": "Marseilles",
      "abbreviation": "Mar",
      "owner": "f41e8a9d-5487-4033-82b0-c20e41df249e",
      "game": "7b5df40d-bac1-4196-b714-e345256be231"
    }
  },
  {
    "model": "game.territory",
    "pk": "a8a64855-196c-4f82-9ec6-f44665e1dc8a",
    "fields": {
      "name": "Tyrolia",
      "abbreviation": "Tyr",
      "owner": "fe43be78-a74d-4e11-8b12-ff734bb84dcf",
      "game": "7b5df40d-bac1-4196-b714-e345256be231"
    }
  },
  {
    "model": "game.territory",
    "pk": "ab6a5f73-c1eb-40a0-9ea7-509f87a7e6f8",
    "fields": {
      "name": "Ruhr",
      "abbreviation": "Ruh",
      "owner": "ae17683a-6a24-4e22-9a3b-d908f117da40",
      "game": "7b5df40d-bac1-4196-b714-e345256be231"
    }
  },
  {
    "model": "game.territory",
    "pk": "b0b4d5e3-ec3e-4854-bae5-1cb3a54091a2",
    "fields": {
      "name": "Rome",
      "abbreviation": "Rom",
      "owner": "be32319e-0660-4a96-82ee-48748aca91bf",
      "game": "7b5df40d-bac1-4196-b714-e345256be231"
    }
  },
  {
    "model": "game.territory",
    "pk": "b1a89949-ca0d-47bb-97de-073fdbaa3423",
    "fields": {
      "name": "Western Mediterranean",
      "abbreviation": "WES",
      "owner": null,
      "game": "7b5df40d-bac1-4196-b714-e345256be231"
    }
  },
  {
    "model": "game.territory",
    "pk": "b559bf70-011a-4e9c-9103-684b573aab22",
    "fields": {
      "name": "Livonia",
      "abbreviation": "Lvn",
      "owner": "1749eb08-0298-4713-9530-8893ed3d5c5f",
      "game": "7b5df40d-bac1-4196-b714-e345256be231"
    }
  },
  {
    "model": "game.territory",
    "pk": "bd32470f-8702-4ac5-bbb3-0a8cf110865e",
    "fields": {
      "name": "Constantinople",
      "abbreviation": "Con",
      "owner": "50367a27-6646-4053-b7e7-eaf961c93812",
      "game": "7b5df40d-bac1-4196-b714-e345256be231"
    }
  },
  {
    "model": "game.territory",
    "pk": "bfe7b16a-84a1-4170-a877-887c2d7c3136",
    "fields": {
      "name": "Clyde",
      "abbreviation": "Cly",
      "owner": "63ca852f-e5c2-4a45-9bb5-42d404898a15",
      "game": "7b5df40d-bac1-4196-b714-e345256be231"
    }
  },
  {
    "model": "game.territory",
    "pk": "c120e576-f059-43d3-aa58-ee42afd721bc",
    "fields": {
      "name": "Ionian Sea",
      "abbreviation": "ION",
      "owner": null,
      "game": "7b5df40d-bac1-4196-b714-e345256be231"
    }
  },
  {
    "model": "game.territory",
    "pk": "c1a0d997-4c0f-464e-9b3f-f758b4b46629",
    "fields": {
      "name": "Helgoland Bight",
      "abbreviation": "HEL",
      "owner": null,
      "game": "7b5df40d-bac1-4196-b714-e345256be231"
    }
  },
  {
    "model": "game.territory",
    "pk": "c2c3aecb-2e71-4e24-be49-d30b5df76faf",
    "fields": {
      "name": "Tunisia",
      "abbreviation": "Tun",
      "owner": null,
      "game": "7b5df40d-bac1-4196-b714-e345256be231"
    }
  },
  {
    "model": "game.territory",
    "pk": "c69f18ef-817a-4ae7-aa39-e9024a824165",
    "fields": {
      "name": "Bohemia",
      "abbreviation": "Boh",
      "owner": "fe43be78-a74d-4e11-8b12-ff734bb84dcf",
      "game": "7b5df40d-bac1-4196-b714-e345256be231"
    }
  },
  {
    "model": "game.territory",
    "pk": "c71164ba-1b22-4a47-a8af-84ada931af0d",
    "fields": {
      "name": "Burgundy",
      "abbreviation": "Bur",
      "owner": "f41e8a9d-5487-4033-82b0-c20e41df249e",
      "game": "7b5df40d-bac1-4196-b714-e345256be231"
    }
  },
  {
    "model": "game.territory",
    "pk": "d29d0814-7928-4da7-806e-25eb8eb883ca",
    "fields": {
      "name": "Norwegian Sea",
      "abbreviation": "NWG",
      "owner": null,
      "game": "7b5df40d-bac1-4196-b714-e345256be231"
    }
  },
  {
    "model": "game.territory",
    "pk": "d2b5e477-3f90-4a52-a176-91debdf2b6c4",
    "fields": {
      "name": "Syria",
      "abbreviation": "Syr",
      "owner": "50367a27-6646-4053-b7e7-eaf961c93812",
      "game": "7b5df40d-bac1-4196-b714-e345256be231"
    }
  },
  {
    "model": "game.territory",
    "pk": "dcfa28ff-09a3-4dcf-94d2-320077aaa8d0",
    "fields": {
      "name": "Warsaw",
      "abbreviation": "War",
      "owner": "1749eb08-0298-4713-9530-8893ed3d5c5f",
      "game": "7b5df40d-bac1-4196-b714-e345256be231"
    }
  },
  {
    "model": "game.territory",
    "pk": "de0673e2-b933-4ab0-b178-efff1f8de914",
    "fields": {
      "name": "Denmark",
      "abbreviation": "Den",
      "owner": null,
      "game": "7b5df40d-bac1-4196-b714-e345256be231"
    }
  },
  {
    "model": "game.territory",
    "pk": "de113bd1-8cc7-440c-a32e-abd92b64ba7d",
    "fields": {
      "name": "Munich",
      "abbreviation": "Mun",
      "owner": "ae17683a-6a24-4e22-9a3b-d908f117da40",
      "game": "7b5df40d-bac1-4196-b714-e345256be231"
    }
  },
  {
    "model": "game.territory",
    "pk": "de2540bd-3695-4986-8494-2d1acc592ceb",
    "fields": {
      "name": "Black Sea",
      "abbreviation": "BLA",
      "owner": null,
      "game": "7b5df40d-bac1-4196-b714-e345256be231"
    }
  },
  {
    "model": "game.territory",
    "pk": "e8b88807-a83f-4ac3-a92d-9e6533decfe9",
    "fields": {
      "name": "Gascony",
      "abbreviation": "Gas",
      "owner": "f41e8a9d-5487-4033-82b0-c20e41df249e",
      "game": "7b5df40d-bac1-4196-b714-e345256be231"
    }
  },
  {
    "model": "game.territory",
    "pk": "ea1f7eb4-25ad-4a33-968a-a6f0fe8f6ec1",
    "fields": {
      "name": "Mid Atlantic Ocean",
      "abbreviation": "MAO",
      "owner": null,
      "game": "7b5df40d-bac1-4196-b714-e345256be231"
    }
  },
  {
    "model": "game.territory",
    "pk": "eac3ed2f-794a-4d5e-abd0-19cf0d188b8a",
    "fields": {
      "name": "Berlin",
      "abbreviation": "Ber",
      "owner": "ae17683a-6a24-4e22-9a3b-d908f117da40",
      "game": "7b5df40d-bac1-4196-b714-e345256be231"
    }
  },
  {
    "model": "game.territory",
    "pk": "ef437aa6-2b57-4be5-8b9f-f48d79836865",
    "fields": {
      "name": "Ankara",
      "abbreviation": "Ank",
      "owner": "50367a27-6646-4053-b7e7-eaf961c93812",
      "game": "7b5df40d-bac1-4196-b714-e345256be231"
    }
  },
  {
    "model": "game.territory",
    "pk": "f130d53c-156d-46e5-995b-abf018a1c910",
    "fields": {
      "name": "Apulia",
      "abbreviation": "Apu",
      "owner": "be32319e-0660-4a96-82ee-48748aca91bf",
      "game": "7b5df40d-bac1-4196-b714-e345256be231"
    }
  },
  {
    "model": "game.territory",
    "pk": "f266a256-17a5-4548-b3d2-9a103ff0f4fd",
    "fields": {
      "name": "Moscow",
      "abbreviation": "Mos",
      "owner": "1749eb08-0298-4713-9530-8893ed3d5c5f",
      "game": "7b5df40d-bac1-4196-b714-e345256be231"
    }
  },
  {
    "model": "game.territory",
    "pk": "f3e5fab7-9151-4adb-8b25-5629922563a0",
    "fields": {
      "name": "Wales",
      "abbreviation": "Wal",
      "owner": "63ca852f-e5c2-4a45-9bb5-42d404898a15",
      "game": "7b5df40d-bac1-4196-b714-e345256be231"
    }
  },
  {
    "model": "game.territory",
    "pk": "fab1b403-b2d3-4307-bf34-f9ddbeb4522b",
    "fields": {
      "name": "Tuscany",
      "abbreviation": "Tus",
      "owner": "be32319e-0660-4a96-82ee-48748aca91bf",
      "game": "7b5df40d-bac1-4196-b714-e345256be231"
    }
  },
  {
    "model": "game.unit",
    "pk": "00e0a0c9-c3c3-49d0-bfa7-678458ecde71",
    "fields": {
      "territory": "478fd9e3-4412-400b-9f47-869cd97579c0",
      "retreating_from": null,
      "active": true,
      "unit_type": "fleet",
      "country": "63ca852f-e5c2-4a45-9bb5-42d404898a15",
      "game": "7b5df40d-bac1-4196-b714-e345256be231",
      "coast": ""
    }
  },
  {
    "model": "game.unit",
    "pk": "0bfa67e0-66e8-4263-b1f7-c4cf9dc0874d",
    "fields": {
      "territory": "002e5bcd-eaad-4597-b9eb-a48c6caed213",
      "retreating_from": null,
      "active": true,
      "unit_type": "army",
      "country": "be32319e-0660-4a96-82ee-48748aca91bf",
      "game": "7b5df40d-bac1-4196-b714-e345256be231",
      "coast": ""
    }
  },
  {
    "model": "game.unit",
    "pk": "0f4fa68c-ee1f-404b-89d4-5222861bbd48",
    "fields": {
      "territory": "a78ec716-13f8-476f-8c06-637f2850fb51",
      "retreating_from": null,
      "active": true,
      "unit_type": "army",
      "country": "f41e8a9d-5487-4033-82b0-c20e41df249e",
      "game": "7b5df40d-bac1-4196-b714-e345256be231",
      "coast": ""
    }
  },
  {
    "model": "game.unit",
    "pk": "292bf192-cfd2-4177-b1d7-ba6a730b07ac",
    "fields": {
      "territory": "bd32470f-8702-4ac5-bbb3-0a8cf110865e",
      "retreating_from": null,
      "active": true,
      "unit_type": "army",
      "country": "50367a27-6646-4053-b7e7-eaf961c93812",
      "game": "7b5df40d-bac1-4196-b714-e345256be231",
      "coast": ""
    }
  },
  {
    "model": "game.unit",
    "pk": "2f2c07aa-897c-431d-ae9c-ae63bf28c777",
    "fields": {
      "territory": "036a0e4d-13fc-4613-b135-388e50008244",
      "retreating_from": null,
      "active": true,
      "unit_type": "army",
      "country": "50367a27-6646-4053-b7e7-eaf961c93812",
      "game": "7b5df40d-bac1-4196-b714-e345256be231",
      "coast": ""
    }
  },
  {
    "model": "game.unit",
    "pk": "67cb2cd7-262c-4ad2-adb6-29e1909bbd4e",
    "fields": {
      "territory": "48a37a51-99b6-4d87-92eb-c4dc787c771d",
      "retreating_from": null,
      "active": true,
      "unit_type": "fleet",
      "country": "1749eb08-0298-4713-9530-8893ed3d5c5f",
      "game": "7b5df40d-bac1-4196-b714-e345256be231",
      "coast": ""
    }
  },
  {
    "model": "game.unit",
    "pk": "772fec49-c6ec-4bb0-91b2-8c8e9779e134",
    "fields": {
      "territory": "b0b4d5e3-ec3e-4854-bae5-1cb3a54091a2",
      "retreating_from": null,
      "active": true,
      "unit_type": "army",
      "country": "be32319e-0660-4a96-82ee-48748aca91bf",
      "game": "7b5df40d-bac1-4196-b714-e345256be231",
      "coast": ""
    }
  },
  {
    "model": "game.unit",
    "pk": "84b7d314-f99d-4d22-a8d4-0a48586e0e12",
    "fields": {
      "territory": "8ab427e5-3488-414d-9bd9-83f747e6e113",
      "retreating_from": null,
      "active": true,
      "unit_type": "fleet",
      "country": "fe43be78-a74d-4e11-8b12-ff734bb84dcf",
      "game": "7b5df40d-bac1-4196-b714-e345256be231",
      "coast": ""
    }
  },
  {
    "model": "game.unit",
    "pk": "851d168d-7a4b-4b9b-8312-babf125dc570",
    "fields": {
      "territory": "903a62fb-f6cf-418f-bc42-b12c94d459a4",
      "retreating_from": null,
      "active": true,
      "unit_type": "fleet",
      "country": "1749eb08-0298-4713-9530-8893ed3d5c5f",
      "game": "7b5df40d-bac1-4196-b714-e345256be231",
      "coast": "SC"
    }
  },
  {
    "model": "game.unit",
    "pk": "87259442-52c6-4d09-976b-a8537eef5878",
    "fields": {
      "territory": "63a018b7-7b69-4f10-9e3c-5d31058e56e2",
      "retreating_from": null,
      "active": true,
      "unit_type": "fleet",
      "country": "be32319e-0660-4a96-82ee-48748aca91bf",
      "game": "7b5df40d-bac1-4196-b714-e345256be231",
      "coast": ""
    }
  },
  {
    "model": "game.unit",
    "pk": "8e8ff4af-b8ee-46b2-8f17-67b0b5573641",
    "fields": {
      "territory": "2b847d99-ff82-46ff-b795-ed5ead4f60c7",
      "retreating_from": null,
      "active": true,
      "unit_type": "army",
      "country": "fe43be78-a74d-4e11-8b12-ff734bb84dcf",
      "game": "7b5df40d-bac1-4196-b714-e345256be231",
      "coast": ""
    }
  },
  {
    "model": "game.unit",
    "pk": "997b7530-3f02-4126-8ab8-75937db2147a",
    "fields": {
      "territory": "0666b48b-f5f1-4874-a72e-5895f11a8757",
      "retreating_from": null,
      "active": true,
      "unit_type": "fleet",
      "country": "f41e8a9d-5487-4033-82b0-c20e41df249e",
      "game": "7b5df40d-bac1-4196-b714-e345256be231",
      "coast": ""
    }
  },
  {
    "model": "game.unit",
    "pk": "9e863577-5e70-4c13-b041-626354db1b9e",
    "fields": {
      "territory": "dcfa28ff-09a3-4dcf-94d2-320077aaa8d0",
      "retreating_from": null,
      "active": true,
      "unit_type": "army",
      "country": "1749eb08-0298-4713-9530-8893ed3d5c5f",
      "game": "7b5df40d-bac1-4196-b714-e345256be231",
      "coast": ""
    }
  },
  {
    "model": "game.unit",
    "pk": "a3a35907-1dd3-4760-a7db-8a8ed197d8fe",
    "fields": {
      "territory": "20d4aef7-d4bb-4f9f-b5b0-6defc5ec4b3f",
      "retreating_from": null,
      "active": true,
      "unit_type": "army",
      "country": "fe43be78-a74d-4e11-8b12-ff734bb84dcf",
      "game": "7b5df40d-bac1-4196-b714-e345256be231",
      "coast": ""
    }
  },
  {
    "model": "game.unit",
    "pk": "b1c70c38-7306-4d49-b773-3a34098a5c80",
    "fields": {
      "territory": "ef437aa6-2b57-4be5-8b9f-f48d79836865",
      "retreating_from": null,
      "active": true,
      "unit_type": "fleet",
      "country": "50367a27-6646-4053-b7e7-eaf961c93812",
      "game": "7b5df40d-bac1-4196-b714-e345256be231",
      "coast": ""
    }
  },
  {
    "model": "game.unit",
    "pk": "b3f6e316-20a3-4327-9d9d-141d442bd034",
    "fields": {
      "territory": "f266a256-17a5-4548-b3d2-9a103ff0f4fd",
      "retreating_from": null,
      "active": true,
      "unit_type": "army",
      "country": "1749eb08-0298-4713-9530-8893ed3d5c5f",
      "game": "7b5df40d-bac1-4196-b714-e345256be231",
      "coast": ""
    }
  },
  {
    "model": "game.unit",
    "pk": "c0012133-c4fa-4500-8d0a-f99c640be228",
    "fields": {
      "territory": "de113bd1-8cc7-440c-a32e-abd92b64ba7d",
      "retreating_from": null,
      "active": true,
      "unit_type": "army",
      "country": "ae17683a-6a24-4e22-9a3b-d908f117da40",
      "game": "7b5df40d-bac1-4196-b714-e345256be231",
      "coast": ""
    }
  },
  {
    "model": "game.unit",
    "pk": "c2b34d50-4036-43bb-bffd-c7245cf639d3",
    "fields": {
      "territory": "150754b1-073e-4e0e-97ff-47db1bad187c",
      "retreating_from": null,
      "active": true,
      "unit_type": "fleet",
      "country": "63ca852f-e5c2-4a45-9bb5-42d404898a15",
      "game": "7b5df40d-bac1-4196-b714-e345256be231",
      "coast": ""
    }
  },
  {
    "model": "game.unit",
    "pk": "d3517a44-58e4-4180-a1ca-c9f19c34e1bd",
    "fields": {
      "territory": "93101ecd-90f5-4bf3-af48-ae00b5b7ddf5",
      "retreating_from": null,
      "active": true,
      "unit_type": "army",
      "country": "f41e8a9d-5487-4033-82b0-c20e41df249e",
      "game": "7b5df40d-bac1-4196-b714-e345256be231",
      "coast": ""
    }
  },
  {
    "model": "game.unit",
    "pk": "d9e52dca-0159-4a85-9a44-9fe9f0b4a991",
    "fields": {
      "territory": "eac3ed2f-794a-4d5e-abd0-19cf0d188b8a",
      "retreating_from": null,
      "active": true,
      "unit_type": "army",
      "country": "ae17683a-6a24-4e22-9a3b-d908f117da40",
      "game": "7b5df40d-bac1-4196-b714-e345256be231",
      "coast": ""
    }
  },
  {
    "model": "game.unit",
    "pk": "daeb6597-4253-4838-843c-aef32434ff00",
    "fields": {
      "territory": "42c7dc89-8958-4fca-bfd5-5318c13c83dd",
      "retreating_from": null,
      "active": true,
      "unit_type": "army",
      "country": "63ca852f-e5c2-4a45-9bb5-42d404898a15",
      "game": "7b5df40d-bac1-4196-b714-e345256be231",
      "coast": ""
    }
  },
  {
    "model": "game.unit",
    "pk": "ec1193ff-d5c2-4cee-88c0-24a6731f0a2b",
    "fields": {
      "territory": "0b4090cb-89be-4cfd-86c2-7874ffb5721f",
      "retreating_from": null,
      "active": true,
      "unit_type": "fleet",
      "country": "ae17683a-6a24-4e22-9a3b-d908f117da40",
      "game": "7b5df40d-bac1-4196-b714-e345256be231",
      "coast": ""
    }
  },
  {
    "model": "game.turn",
    "pk": "4bc2ab8d-1963-40fd-9a0d-e84e5534037c",
    "fields": {
      "year": 1901,
      "season": "spring",
      "phase": "diplomatic",
      "game": "7b5df40d-bac1-4196-b714-e345256be231",
      "created_at": "2018-04-11T04:07:50.795Z"
    }
  },
  {
    "model": "auth.permission",
    "pk": 1,
    "fields": {
      "name": "Can add log entry",
      "content_type": 1,
      "codename": "add_logentry"
    }
  },
  {
    "model": "auth.permission",
    "pk": 2,
    "fields": {
      "name": "Can change log entry",
      "content_type": 1,
      "codename": "change_logentry"
    }
  },
  {
    "model": "auth.permission",
    "pk": 3,
    "fields": {
      "name": "Can delete log entry",
      "content_type": 1,
      "codename": "delete_logentry"
    }
  },
  {
    "model": "auth.permission",
    "pk": 4,
    "fields": {
      "name": "Can add permission",
      "content_type": 2,
      "codename": "add_permission"
    }
  },
  {
    "model": "auth.permission",
    "pk": 5,
    "fields": {
      "name": "Can change permission",
      "content_type": 2,
      "codename": "change_permission"
    }
  },
  {
    "model": "auth.permission",
    "pk": 6,
    "fields": {
      "name": "Can delete permission",
      "content_type": 2,
      "codename": "delete_permission"
    }
  },
  {
    "model": "auth.permission",
    "pk": 7,
    "fields": {
      "name": "Can add group",
      "content_type": 3,
      "codename": "add_group"
    }
  },
  {
    "model": "auth.permission",
    "pk": 8,
    "fields": {
      "name": "Can change group",
      "content_type": 3,
      "codename": "change_group"
    }
  },
  {
    "model": "auth.permission",
    "pk": 9,
    "fields": {
      "name": "Can delete group",
      "content_type": 3,
      "codename": "delete_group"
    }
  },
  {
    "model": "auth.permission",
    "pk": 10,
    "fields": {
      "name": "Can add content type",
      "content_type": 4,
      "codename": "add_contenttype"
    }
  },
  {
    "model": "auth.permission",
    "pk": 11,
    "fields": {
      "name": "Can change content type",
      "content_type": 4,
      "codename": "change_contenttype"
    }
  },
  {
    "model": "auth.permission",
    "pk": 12,
    "fields": {
      "name": "Can delete content type",
      "content_type": 4,
      "codename": "delete_contenttype"
    }
  },
  {
    "model": "auth.permission",
    "pk": 13,
    "fields": {
      "name": "Can add session",
      "content_type": 5,
      "codename": "add_session"
    }
  },
  {
    "model": "auth.permission",
    "pk": 14,
    "fields": {
      "name": "Can change session",
      "content_type": 5,
      "codename": "change_session"
    }
  },
  {
    "model": "auth.permission",
    "pk": 15,
    "fields": {
      "name": "Can delete session",
      "content_type": 5,
      "codename": "delete_session"
    }
  },
  {
    "model": "auth.permission",
    "pk": 16,
    "fields": {
      "name": "Can add Token",
      "content_type": 6,
      "codename": "add_token"
    }
  },
  {
    "model": "auth.permission",
    "pk": 17,
    "fields": {
      "name": "Can change Token",
      "content_type": 6,
      "codename": "change_token"
    }
  },
  {
    "model": "auth.permission",
    "pk": 18,
    "fields": {
      "name": "Can delete Token",
      "content_type": 6,
      "codename": "delete_token"
    }
  },
  {
    "model": "auth.permission",
    "pk": 19,
    "fields": {
      "name": "Can add user",
      "content_type": 7,
      "codename": "add_player"
    }
  },
  {
    "model": "auth.permission",
    "pk": 20,
    "fields": {
      "name": "Can change user",
      "content_type": 7,
      "codename": "change_player"
    }
  },
  {
    "model": "auth.permission",
    "pk": 21,
    "fields": {
      "name": "Can delete user",
      "content_type": 7,
      "codename": "delete_player"
    }
  },
  {
    "model": "auth.permission",
    "pk": 22,
    "fields": {
      "name": "Can add game",
      "content_type": 8,
      "codename": "add_game"
    }
  },
  {
    "model": "auth.permission",
    "pk": 23,
    "fields": {
      "name": "Can change game",
      "content_type": 8,
      "codename": "change_game"
    }
  },
  {
    "model": "auth.permission",
    "pk": 24,
    "fields": {
      "name": "Can delete game",
      "content_type": 8,
      "codename": "delete_game"
    }
  },
  {
    "model": "auth.permission",
    "pk": 25,
    "fields": {
      "name": "Can add country",
      "content_type": 9,
      "codename": "add_country"
    }
  },
  {
    "model": "auth.permission",
    "pk": 26,
    "fields": {
      "name": "Can change country",
      "content_type": 9,
      "codename": "change_country"
    }
  },
  {
    "model": "auth.permission",
    "pk": 27,
    "fields": {
      "name": "Can delete country",
      "content_type": 9,
      "codename": "delete_country"
    }
  },
  {
    "model": "auth.permission",
    "pk": 28,
    "fields": {
      "name": "Can add territory",
      "content_type": 10,
      "codename": "add_territory"
    }
  },
  {
    "model": "auth.permission",
    "pk": 29,
    "fields": {
      "name": "Can change territory",
      "content_type": 10,
      "codename": "change_territory"
    }
  },
  {
    "model": "auth.permission",
    "pk": 30,
    "fields": {
      "name": "Can delete territory",
      "content_type": 10,
      "codename": "delete_territory"
    }
  },
  {
    "model": "auth.permission",
    "pk": 31,
    "fields": {
      "name": "Can add unit",
      "content_type": 11,
      "codename": "add_unit"
    }
  },
  {
    "model": "auth.permission",
    "pk": 32,
    "fields": {
      "name": "Can change unit",
      "content_type": 11,
      "codename": "change_unit"
    }
  },
  {
    "model": "auth.permission",
    "pk": 33,
    "fields": {
      "name": "Can delete unit",
      "content_type": 11,
      "codename": "delete_unit"
    }
  },
  {
    "model": "auth.permission",
    "pk": 34,
    "fields": {
      "name": "Can add turn",
      "content_type": 12,
      "codename": "add_turn"
    }
  },
  {
    "model": "auth.permission",
    "pk": 35,
    "fields": {
      "name": "Can change turn",
      "content_type": 12,
      "codename": "change_turn"
    }
  },
  {
    "model": "auth.permission",
    "pk": 36,
    "fields": {
      "name": "Can delete turn",
      "content_type": 12,
      "codename": "delete_turn"
    }
  },
  {
    "model": "auth.permission",
    "pk": 37,
    "fields": {
      "name": "Can add order",
      "content_type": 13,
      "codename": "add_order"
    }
  },
  {
    "model": "auth.permission",
    "pk": 38,
    "fields": {
      "name": "Can change order",
      "content_type": 13,
      "codename": "change_order"
    }
  },
  {
    "model": "auth.permission",
    "pk": 39,
    "fields": {
      "name": "Can delete order",
      "content_type": 13,
      "codename": "delete_order"
    }
  },
  {
    "model": "game.player",
    "pk": "0527cfc4-9080-4d83-97be-28e70c852449",
    "fields": {
      "password":
        "pbkdf2_sha256$100000$owgtdMY2Qfik$e/oibuY4B7ceH3zGDu4k8B7kMThZMVOGWff6rPiiRiM=",
      "last_login": null,
      "is_superuser": true,
      "username": "bewguy101",
      "first_name": "",
      "last_name": "",
      "email": "bewguy101@gmail.com",
      "is_staff": true,
      "is_active": true,
      "date_joined": "2018-04-11T04:07:34.236Z",
      "groups": [],
      "user_permissions": []
    }
  },
  {
    "model": "game.country",
    "pk": "1749eb08-0298-4713-9530-8893ed3d5c5f",
    "fields": {
      "name": "Russia",
      "game": "7b5df40d-bac1-4196-b714-e345256be231",
      "user": "0527cfc4-9080-4d83-97be-28e70c852449"
    }
  },
  {
    "model": "game.country",
    "pk": "50367a27-6646-4053-b7e7-eaf961c93812",
    "fields": {
      "name": "Turkey",
      "game": "7b5df40d-bac1-4196-b714-e345256be231",
      "user": "0527cfc4-9080-4d83-97be-28e70c852449"
    }
  },
  {
    "model": "game.country",
    "pk": "63ca852f-e5c2-4a45-9bb5-42d404898a15",
    "fields": {
      "name": "England",
      "game": "7b5df40d-bac1-4196-b714-e345256be231",
      "user": "0527cfc4-9080-4d83-97be-28e70c852449"
    }
  },
  {
    "model": "game.country",
    "pk": "ae17683a-6a24-4e22-9a3b-d908f117da40",
    "fields": {
      "name": "Germany",
      "game": "7b5df40d-bac1-4196-b714-e345256be231",
      "user": "0527cfc4-9080-4d83-97be-28e70c852449"
    }
  },
  {
    "model": "game.country",
    "pk": "be32319e-0660-4a96-82ee-48748aca91bf",
    "fields": {
      "name": "Italy",
      "game": "7b5df40d-bac1-4196-b714-e345256be231",
      "user": "0527cfc4-9080-4d83-97be-28e70c852449"
    }
  },
  {
    "model": "game.country",
    "pk": "f41e8a9d-5487-4033-82b0-c20e41df249e",
    "fields": {
      "name": "France",
      "game": "7b5df40d-bac1-4196-b714-e345256be231",
      "user": "0527cfc4-9080-4d83-97be-28e70c852449"
    }
  },
  {
    "model": "game.country",
    "pk": "fe43be78-a74d-4e11-8b12-ff734bb84dcf",
    "fields": {
      "name": "Austria",
      "game": "7b5df40d-bac1-4196-b714-e345256be231",
      "user": "0527cfc4-9080-4d83-97be-28e70c852449"
    }
  },

  {
    "model": "game.unit",
    "pk": "b53cfb34-5db1-4e7b-b6e1-db4b2bbd6aa0",
    "fields": {
      "territory": "c2c3aecb-2e71-4e24-be49-d30b5df76faf",
      "retreating_from": null,
      "active": true,
      "unit_type": "army",
      "country": "f41e8a9d-5487-4033-82b0-c20e41df249e",
      "game": "7b5df40d-bac1-4196-b714-e345256be231",
      "coast": ""
    }
  },
  {
    "model": "game.unit",
    "pk": "5a8c9925-898e-4b90-bd63-3d35a6530f0a",
    "fields": {
      "territory": "4e98dc56-729b-4235-8fc9-298701e31b00",
      "retreating_from": null,
      "active": true,
      "unit_type": "fleet",
      "country": "f41e8a9d-5487-4033-82b0-c20e41df249e",
      "game": "7b5df40d-bac1-4196-b714-e345256be231",
      "coast": ""
    }
  },
  {
    "model": "game.unit",
    "pk": "61485d54-1ce3-448c-9608-a3df546fe71c",
    "fields": {
      "territory": "c120e576-f059-43d3-aa58-ee42afd721bc",
      "retreating_from": null,
      "active": true,
      "unit_type": "fleet",
      "country": "be32319e-0660-4a96-82ee-48748aca91bf",
      "game": "7b5df40d-bac1-4196-b714-e345256be231",
      "coast": ""
    }
  }
]
